<?xml version="1.0" encoding="UTF-8"?>
<LightningComponentBundle xmlns="http://soap.sforce.com/2006/04/metadata">
    <apiVersion>55.0</apiVersion>
    <isExposed>true</isExposed>
    <targets>
        <target>lightningStatic__Email</target>
    </targets>
    <targetConfigs>
    <targetConfig targets="lightningStatic__Email">
        <property 
            label="Headline"
            name="headline"
            type="String"
            description="Enter the headline"
            default="This is an headline"
            required="false" />
        <property 
            label="Body"
            name="contentBody"
            type="String"
            description="Enter the Body"
            default="Maecenas eget tincidunt libero. Nulla nec lacinia felis. Ut suscipit ultrices mi sit amet pellentesque. Ut varius, metus id pellentesque cursus, ante augue scelerisque arcu."
            required="false" />
        <property 
            label="Image URL"
            name="imageURL"
            type="String"
            description="Enter the Image Link/URL."
            default="https://sosdemo-dev-ed--c.documentforce.com/servlet/servlet.FileDownload?file=0157R000005hKig"
            required="false" />
        <property 
            label="Button Link"
            name="buttonLink"
            type="String"
            description="Enter the button target URL."
            default="https://fr.worldline.com/fr/home.html"
            required="false" />
        <property 
            label="Button Label"
            name="buttonLabel"
            type="String"
            description="Enter the button label."
            default="button"
            required="false" />
    </targetConfig>
  </targetConfigs>
</LightningComponentBundle>