<?xml version="1.0" encoding="UTF-8"?>
<LightningComponentBundle xmlns="http://soap.sforce.com/2006/04/metadata">
    <apiVersion>55.0</apiVersion>
    <isExposed>true</isExposed>
    <targets>
      <target>lightning__AppPage</target>
      <target>lightningStatic__Email</target>
      <target>lightning__HomePage</target>
    </targets>
    <targetConfigs>
      <targetConfig targets = "lightningStatic__Email">
      <property
        name = "firstImageLink"
        type = "String"
        label = "first image link"
        description = "first image link"
        default = "https://iili.io/LdeXWX.png" >
      </property>
       <property
        name = "secondImageLink"
        type = "String"
        label = "first image link"
        description = "first image link"
        default = "https://iili.io/LdeXWX.png" >
      </property>
      <property
        name = "nameFirst"
        type = "String"
        label = "name first"
        description = "name first"
        default = "Trender &amp; Analys" >
      </property>
      <property
        name = "nameSecond"
        type = "String"
        label = "name second"
        description = "name second"
        default = "Click &amp; Collect – det bästa av två världar?" >
      </property>
      <property
        name = "descriptionOne"
        type = "String"
        label = "description one"
        description = "description one"
        default = "De senaste åren har leveransmetoden Click &amp; Collect blivit allt vanligare bland e-handlare och även bland konsumenterna ökar dess popularitet.  Varför har det blivit en sån succé? Vi förklarar varför!" >
      </property>
      <property
        name = "endTitle"
        type = "String"
        label = "Button1"
        description = "end title"
        default = "En savoir plus" >
      </property>
      <property
        name = "nameThird"
        type = "String"
        label = "name third"
        description = "name third"
        default = "Kundcase" >
      </property>
      <property
        name = "nameFourth"
        type = "String"
        label = "name fourth"
        description = "name fourth"
        default = "Kundcase" >
      </property>
      <property
        name = "titleThree"
        type = "String"
        label = "title three"
        description = "title three"
        default = "De senaste åren har leveransmetoden Click &amp; Collect blivit allt vanligare bland e-handlare och även bland konsumenterna ökar dess popularitet." >
      </property>
      <property
        name = "nameFifth"
        type = "String"
        label = "Button2"
        description = "name fifth"
        default = "En savoir plus" >
      </property>
      <property
        name = "linkOne"
        type = "String"
        label = "linkOne"
        description = "linkOne"
        default = "https://fr.worldline.com/fr/home.html" >
      </property>
      <property
        name = "linkTwo"
        type = "String"
        label = "linkTwo"
        description = "linkTwo"
        default = "https://fr.worldline.com/fr/home.html" >
      </property>
      </targetConfig>
    </targetConfigs>
</LightningComponentBundle>