<?xml version="1.0" encoding="UTF-8"?>
<LightningComponentBundle xmlns="http://soap.sforce.com/2006/04/metadata">
    <apiVersion>55.0</apiVersion>
    <isExposed>true</isExposed>
    <targets>
        <target>lightning__Tab</target>
        <target>lightningStatic__Email</target>
    </targets>
    <targetConfigs>
        <targetConfig targets="lightningStatic__Email">
          <property             
            
            label="Paragraph1"
            name="para1"
            type="String"
            default="Maecenas eget tincidunt libero. Nulla nec lacinia felis. Ut suscipit ultrices mi sit amet pellentesque. Ut varius, metus id pellentesque cursus, ante augue scelerisque arcu."
            required="false" />
            <property 
            label="Paragraph2"
            name="para2"
            type="String"
            default="Maecenas eget tincidunt libero. Nulla nec lacinia felis. Ut suscipit ultrices mi sit amet pellentesque. Ut varius, metus id pellentesque cursus, ante augue scelerisque arcu."
            required="false" />
            <property 
            label="Paragraph3"
            name="para3"
            type="String"
            default="Maecenas eget tincidunt libero. Nulla nec lacinia felis. Ut suscipit ultrices mi sit amet pellentesque. Ut varius, metus id pellentesque cursus, ante augue scelerisque arcu."
            required="false" />
            <property 
            label="Paragraph4"
            name="para4"
            type="String"
            default="Maecenas eget tincidunt libero. Nulla nec lacinia felis. Ut suscipit ultrices mi sit amet pellentesque. Ut varius, metus id pellentesque cursus, ante augue scelerisque arcu."
            required="false" />
            <property 
            label="Paragraph5"
            name="para5"
            type="String"
            default="Maecenas eget tincidunt libero. Nulla nec lacinia felis. Ut suscipit ultrices mi sit amet pellentesque. Ut varius, metus id pellentesque cursus, ante augue scelerisque arcu."
            required="false" />
            <property 
            label="Paragraph6"
            name="para6"
            type="String"
            default="Maecenas eget tincidunt libero. Nulla nec lacinia felis. Ut suscipit ultrices mi sit amet pellentesque. Ut varius, metus id pellentesque cursus, ante augue scelerisque arcu."
            required="false" />
           
            <property 
            label="Button1"
            name="buttonName1"
            type="String"
            default="Button1"
            required="false" />
            <property 
            label="Button2"
            name="buttonName2"
            type="String"
            default="Button2"
            required="false" />
            <property 
            label="Button3"
            name="buttonName3"
            type="String"
            default="Button3"
            required="false" />

            <property 
            label="href of Button1"
            name="hrefButtonName1"
            type="String"
            default="https://fr.worldline.com/fr/home.html"
            required="false" />
            <property 
            label="href of Button2"
            name="hrefButtonName2"
            type="String"
            default="https://fr.worldline.com/fr/home.html"
            required="false" />
            <property 
            label="href of Button3"
            name="hrefButtonName3"
            type="String"
            default="https://fr.worldline.com/fr/home.html"
            required="false" />
        <property 
          label="Image1 URL" 
          name="image1"
          type="String"
          placeholder="https://"
          description="Enter Image URL for this image. Be sure that it is a secure URL starting with https://"
          default="https://via.placeholder.com/160x100.png"
          required="false" />
          <property 
          label="Image2 URL" 
          name="image2"
          type="String"
          placeholder="https://"
          description="Enter Image URL for this image. Be sure that it is a secure URL starting with https://"
          default="https://via.placeholder.com/160x100.png"
          required="false" />
        <property 
          label="Image3 URL" 
          name="image3"
          type="String"
          placeholder="https://"
          description="Enter Image URL for this image. Be sure that it is a secure URL starting with https://"
          default="https://via.placeholder.com/160x100.png"
          required="false" />



        </targetConfig>
    </targetConfigs>
    
</LightningComponentBundle>