<?xml version="1.0" encoding="UTF-8"?>
<LightningComponentBundle xmlns="http://soap.sforce.com/2006/04/metadata">
    <apiVersion>55.0</apiVersion>
    <isExposed>true</isExposed>
    <targets>
        <target>lightningStatic__Email</target>
    </targets>
    <targetConfigs>
    <targetConfig targets="lightningStatic__Email">
        <property 
            label="Image 1"
            name="img1"
            type="String"
            description="Enter the Image Link/URL."
            default="https://sosdemo-dev-ed--c.documentforce.com/servlet/servlet.FileDownload?file=0157R000005hKig"
            required="false" />
        <property 
            label="Button Link 1"
            name="buttonLink1"
            type="String"
            description="Enter the button target URL."
            default="https://fr.worldline.com/fr/home.html"
            required="false" />
        <property 
            label="Button Label 1"
            name="buttonLabel1"
            type="String"
            description="Enter the button label."
            default="button"
            required="false" />
        <property 
            label="Image 2"
            name="img2"
            type="String"
            description="Enter the Image Link/URL."
            default="https://sosdemo-dev-ed--c.documentforce.com/servlet/servlet.FileDownload?file=0157R000005hKig"
            required="false" />
        <property 
            label="Button Link 2"
            name="buttonLink2"
            type="String"
            description="Enter the button target URL."
            default="https://fr.worldline.com/fr/home.html"
            required="false" />
        <property 
            label="Button Label 2"
            name="buttonLabel2"
            type="String"
            description="Enter the button label."
            default="button"
            required="false" />
        <property 
            label="Image 3"
            name="img3"
            type="String"
            description="Enter the Image Link/URL."
            default="https://sosdemo-dev-ed--c.documentforce.com/servlet/servlet.FileDownload?file=0157R000005hKig"
            required="false" />
        <property 
            label="Button Link 3"
            name="buttonLink3"
            type="String"
            description="Enter the button target URL."
            default="https://fr.worldline.com/fr/home.html"
            required="false" />
        <property 
            label="Button Label 3"
            name="buttonLabel3"
            type="String"
            description="Enter the button label."
            default="button"
            required="false" />
    </targetConfig>
  </targetConfigs>
</LightningComponentBundle>