<?xml version="1.0" encoding="UTF-8"?>
<LightningComponentBundle xmlns="http://soap.sforce.com/2006/04/metadata">
    <apiVersion>55.0</apiVersion>
    <isExposed>true</isExposed>
<targets>
        <target>lightning__Tab</target>
        <target>lightningStatic__Email</target>
    </targets>
    <targetConfigs>
      <targetConfig targets="lightningStatic__Email">        
            <property 
            label="Title2"
            name="title2"
            type="String"
            default="Kundcase"
            required="false" />
            <property 
            label="SubTitle2"
            name="subTitle2"
            type="String"
            default="Click and Collect – det bästa av två världar?"
            required="false" />
            <property 
            label="Description2"
            name="description2"
            type="String"
            default="De senaste åren har leveransmetoden Click and Collect blivit allt vanligare bland e-handlare och även bland konsumenterna ökar dess popularitet."
             required="false" />
            <property 
            label="Button2"
            name="button2"
            type="String"
            default=" En savoir plus"
            required="false" />
            <property 
            label="link of Button2"
            name="hrefButtonName2"
            type="String"
            default="https://fr.worldline.com/fr/home.html"
            required="false" />
            <property 
            label="Image2 URL"
            name="image2URL"
            type="String"
            description="Enter the Image Link/URL."
            default="https://via.placeholder.com/290x190"
            required="false" />
          <property 
            label="Title1"
            name="title1"
            type="String"
            default="Trender and Analys"
            required="false" />
            <property 
            label="SubTitle1"
            name="subTitle1"
            type="String"
            default="Click and Collect – det bästa av två världar?"
            required="false" />
            <property 
            label="Description1"
            name="description1"
            type="String"
            default="De senaste åren har leveransmetoden Click and Collect blivit allt vanligare bland e-handlare och även bland konsumenterna ökar dess popularitet. Varför har det blivit en sån succé? Vi förklarar varför! "
             required="false" />
            <property 
            label="Button1"
            name="button1"
            type="String"
            default=" En savoir plus"
            required="false" />
            <property 
            label="link of Button1"
            name="hrefButtonName1"
            type="String"
            default="https://fr.worldline.com/fr/home.html"
            required="false" />
            <property 
            label="Image1 URL"
            name="image1URL"
            type="String"
            description="Enter the Image Link/URL."
            default="https://via.placeholder.com/290x190"
            required="false" />
      </targetConfig>
    </targetConfigs>
</LightningComponentBundle>