<?xml version="1.0" encoding="UTF-8"?>
<LightningComponentBundle xmlns="http://soap.sforce.com/2006/04/metadata">
    <apiVersion>55.0</apiVersion>
    <isExposed>true</isExposed>
    <targets>
      <target>lightning__AppPage</target>
      <target>lightningStatic__Email</target>
      <target>lightning__HomePage</target>
    </targets>
    <targetConfigs>
      <targetConfig targets = "lightningStatic__Email">
      <property
        name = "titleOne"
        type = "String"
        label = "titleOne"
        description = "titleOne"
        default = "Maecenas eget tincidunt libero. Nulla nec lacinia felis. Ut suscipit ultrices mi sit amet pellentesque. Ut varius, metus id pellentesque cursus, ante augue scelerisque arcu. " >
      </property>
      <property
        name = "linkOne"
        type = "String"
        label = "linkOne"
        description = "linkOne"
        default = "https://fr.worldline.com/fr/home.html" >
      </property>
      <property
        name = "buttonName"
        type = "String"
        label = "buttonName"
        description = "buttonName"
        default = "Button" >
      </property>
      <property
        name = "titleTwo"
        type = "String"
        label = "titleTwo"
        description = "titleTwo"
        default = "Maecenas eget tincidunt libero. Nulla nec lacinia felis. Ut suscipit ultrices mi sit amet pellentesque. Ut varius, metus id pellentesque cursus, ante augue scelerisque arcu. " >
      </property>
      <property
        name = "buttonTwo"
        type = "String"
        label = "buttonTwo"
        description = "titbuttonTwoleTwo"
        default = "Button" >
      </property>

      
      </targetConfig>
    </targetConfigs>
</LightningComponentBundle>