<?xml version="1.0" encoding="UTF-8"?>
<LightningComponentBundle xmlns="http://soap.sforce.com/2006/04/metadata">
    <apiVersion>55.0</apiVersion>
    <isExposed>true</isExposed>
    <targets>
    <target>lightningStatic__Email</target>
    </targets>
      <targetConfigs>
    <targetConfig targets="lightningStatic__Email">
        <property 
        label="Image URL" 
        name="imageUrl1"
        type="String"
        placeholder="https://"
        description="Enter Image URL for this image. Be sure that it is a secure URL starting with https://"
        default="https://via.placeholder.com/575x150"
        required="false" />
        <property 
        label="Headline1"
        name="firstTitle"
        type="String"
        default="Description of Entry"
        required="false" />
        <property 
        label="Headline2"
        name="secondTitle"
        type="String"
        default="Description of Entry"
        required="false" />
        <property 
        label="Headline3"
        name="thirdTitle"
        type="String"
        default="Description of Entry"
        required="false" />
        <property 
        label="Headline14"
        name="fourthTitle"
        type="String"
        default="Description of Entry"
        required="false" />
        <property 
        label="Headline15"
        name="fifthTitle"
        type="String"
        default="Description of Entry"
        required="false" />
        <property 
        label="Headline16"
        name="sixthTitle"
        type="String"
        default="Description of Entry"
        required="false" />

         <property 
        label="Description1"
        name="firstPara"
        type="String"
        default="Description of Entry"
        required="false" />
        <property 
        label="Description2"
        name="secondPara"
        type="String"
        default="Description of Entry"
        required="false" />
        <property 
        label="Description3"
        name="thirdPara"
        type="String"
        default="Description of Entry"
        required="false" />
     <property 
        label="Description4"
        name="fourthPara"
        type="String"
        default="Description of Entry"
        required="false" />
         <property 
        label="Description5"
        name="fifthPara"
        type="String"
        default="Description of Entry"
        required="false" />
         <property 
        label="Description6"
        name="sixthPara"
        type="String"
        default="Description of Entry"
        required="false" />

   <property 
        label="Button URL" 
        name="imageUrl"
        type="String"
        placeholder="https://"
        description="Enter Image URL for this image. Be sure that it is a secure URL starting with https://"
        default="https://via.placeholder.com/575x150"
        required="false" />
    <property 
        label="Button Label"
        name="button"
        type="String"
        default="Description of Entry"
        required="false" />
        </targetConfig>
    </targetConfigs>
</LightningComponentBundle>