<?xml version="1.0" encoding="UTF-8"?>
<LightningComponentBundle xmlns="http://soap.sforce.com/2006/04/metadata">
    <apiVersion>55.0</apiVersion>
    <isExposed>true</isExposed>
    <targets>
        <target>lightning__Tab</target>
        <target>lightningStatic__Email</target>
    </targets>
    <targetConfigs>
        <targetConfig targets="lightningStatic__Email">
          <property 
            label="Title"
            name="title"
            type="String"
            default="Title of Entry"
            required="false" />
            <property 
            label="Paragraph1"
            name="para1"
            type="String"
            default="write paragraph1"
            required="false" />
            <property 
            label="Paragraph2"
            name="para2"
            type="String"
            default="write paragraph2"
            required="false" />
            <property 
            label="Paragraph3"
            name="para3"
            type="String"
            default="write paragraph3"
            required="false" />
            <property 
            label="Button1"
            name="buttonName1"
            type="String"
            default="Button1"
            required="false" />
            <property 
            label="Button2"
            name="buttonName2"
            type="String"
            default="Button2"
            required="false" />
            <property 
            label="Button3"
            name="buttonName3"
            type="String"
            default="Button3"
            required="false" />

            <property 
            label="href of Button1"
            name="hrefButtonName1"
            type="String"
            default="https://fr.worldline.com/fr/home.html"
            required="false" />

            <property 
            label="href of Button2"
            name="hrefButtonName2"
            type="String"
            default="https://fr.worldline.com/fr/home.html"
            required="false" />
        
            <property 
            label="href of Button3"
            name="hrefButtonName3"
            type="String"
            default="https://fr.worldline.com/fr/home.html"
            required="false" />
        </targetConfig>
    </targetConfigs>
    
    
</LightningComponentBundle>