<?xml version="1.0" encoding="UTF-8"?>
<LightningComponentBundle xmlns="http://soap.sforce.com/2006/04/metadata">
    <apiVersion>55.0</apiVersion>
    <isExposed>true</isExposed>
    <targets>
    <target>lightningStatic__Email</target>
    </targets>

     <targetConfigs>
    <targetConfig targets="lightningStatic__Email">
    <property 
        label="Description"
        name="firstPara"
        type="String"
        default="Description of Entry"
        required="false" />
         <property 
        label="Description"
        name="secondPara"
        type="String"
        default="Description of Entry"
        required="false" />
        </targetConfig>
        </targetConfigs>
</LightningComponentBundle>