<?xml version="1.0" encoding="UTF-8"?>
<LightningComponentBundle xmlns="http://soap.sforce.com/2006/04/metadata">
    <apiVersion>55.0</apiVersion>
    <isExposed>true</isExposed>
    <targets>
        <target>lightning__Tab</target>
        <target>lightningStatic__Email</target>
    </targets>
    <targetConfigs>
      <targetConfig targets="lightningStatic__Email">
        
        <property 
          label="Image640*250 URL" 
          name="imageUrl640"
          type="String"
          placeholder="https://"
          description="Enter Image URL for this image. Be sure that it is a secure URL starting with https://"
          default="https://via.placeholder.com/640X250"
          required="false" />
        
      </targetConfig>
    </targetConfigs>
</LightningComponentBundle>