<?xml version="1.0" encoding="UTF-8"?>
<LightningComponentBundle xmlns="http://soap.sforce.com/2006/04/metadata">
    <apiVersion>55.0</apiVersion>
    <isExposed>true</isExposed>
    <targets>
    <target>lightningStatic__Email</target>
    </targets>
     <targetConfigs>
    <targetConfig targets="lightningStatic__Email">
    <property 
        label="Title1"
        name="firstPara"
        type="String"
        default="Description of Entry"
        required="false" />
        <property 
        label="Description1"
        name="secondPara"
        type="String"
        default="Description of Entry"
        required="false" />
        <property 
        label="Button1"
        name="thirdPara"
        type="String"
        default="Description of Entry"
        required="false" />
        <property 
        label="Button Link1" 
        name="buttonUrl1"
        type="String"
        placeholder="https://"
        description="Enter Image URL for this image. Be sure that it is a secure URL starting with https://"
        default="https://via.placeholder.com/575x150"
        required="false" />
          <property 
        label="Description2"
        name="fourthPara"
        type="String"
        default="Description of Entry"
        required="false" />
         <property 
        label="Button2"
        name="fifthPara"
        type="String"
        default="Description of Entry"
        required="false" />
        <property 
        label="Button Link2" 
        name="buttonUrl2"
        type="String"
        placeholder="https://"
        description="Enter Image URL for this image. Be sure that it is a secure URL starting with https://"
        default="https://via.placeholder.com/575x150"
        required="false" />
         <property 
        label="Description3"
        name="sixthPara"
        type="String"
        default="Description of Entry"
        required="false" />
        <property 
        label="Description4"
        name="seventhPara"
        type="String"
        default="Description of Entry"
        required="false" />
        <property 
        label="Description5"
        name="eighthPara"
        type="String"
        default="Description of Entry"
        required="false" />
        <property 
        label="Description6"
        name="ninethPara"
        type="String"
        default="Description of Entry"
        required="false" />
        <property 
        label="Description7"
        name="tenthPara"
        type="String"
        default="Description of Entry"
        required="false" />
        <property 
        label="Description8"
        name="eleventhPara"
        type="String"
        default="Description of Entry"
        required="false" />
        <property 
        label="Button3"
        name="twelethPara"
        type="String"
        default="Description of Entry"
        required="false" />
        <property 
        label="Button Link3" 
        name="buttonUrl3"
        type="String"
        placeholder="https://"
        description="Enter Image URL for this image. Be sure that it is a secure URL starting with https://"
        default="https://via.placeholder.com/575x150"
        required="false" />

    <property 
        label="Image URL1" 
        name="imageUrl1"
        type="String"
        placeholder="https://"
        description="Enter Image URL for this image. Be sure that it is a secure URL starting with https://"
        default="https://via.placeholder.com/575x150"
        required="false" />
        <property 
        label="Image Link1" 
        name="imageLink1"
        type="String"
        placeholder="https://"
        description="Enter Image URL for this image. Be sure that it is a secure URL starting with https://"
        default="https://via.placeholder.com/575x150"
        required="false" />
        <property 
        label="Image URL2" 
        name="imageUrl2"
        type="String"
        placeholder="https://"
        description="Enter Image URL for this image. Be sure that it is a secure URL starting with https://"
        default="https://via.placeholder.com/575x150"
        required="false" />
         <property 
        label="Image Link2" 
        name="imageLink2"
        type="String"
        placeholder="https://"
        description="Enter Image URL for this image. Be sure that it is a secure URL starting with https://"
        default="https://via.placeholder.com/575x150"
        required="false" />
        <property 
        label="Image URL3" 
        name="imageUrl3"
        type="String"
        placeholder="https://"
        description="Enter Image URL for this image. Be sure that it is a secure URL starting with https://"
        default="https://via.placeholder.com/575x150"
        required="false" />
         <property 
        label="Image Link3" 
        name="imageLink3"
        type="String"
        placeholder="https://"
        description="Enter Image URL for this image. Be sure that it is a secure URL starting with https://"
        default="https://via.placeholder.com/575x150"
        required="false" />
        <property 
        label="Image URL4" 
        name="imageUrl4"
        type="String"
        placeholder="https://"
        description="Enter Image URL for this image. Be sure that it is a secure URL starting with https://"
        default="https://via.placeholder.com/575x150"
        required="false" />
         <property 
        label="Image Link4" 
        name="imageLink4"
        type="String"
        placeholder="https://"
        description="Enter Image URL for this image. Be sure that it is a secure URL starting with https://"
        default="https://via.placeholder.com/575x150"
        required="false" />
        <property 
        label="Image URL5" 
        name="imageUrl5"
        type="String"
        placeholder="https://"
        description="Enter Image URL for this image. Be sure that it is a secure URL starting with https://"
        default="https://via.placeholder.com/575x150"
        required="false" />
         <property 
        label="Image Link5" 
        name="imageLink5"
        type="String"
        placeholder="https://"
        description="Enter Image URL for this image. Be sure that it is a secure URL starting with https://"
        default="https://via.placeholder.com/575x150"
        required="false" />
        <property 
        label="Image URL6" 
        name="imageUrl6"
        type="String"
        placeholder="https://"
        description="Enter Image URL for this image. Be sure that it is a secure URL starting with https://"
        default="https://via.placeholder.com/575x150"
        required="false" />
       <property 
        label="Image Link6" 
        name="imageLink6"
        type="String"
        placeholder="https://"
        description="Enter Image URL for this image. Be sure that it is a secure URL starting with https://"
        default="https://via.placeholder.com/575x150"
        required="false" />
        </targetConfig>
        </targetConfigs>
</LightningComponentBundle>