<?xml version="1.0" encoding="UTF-8"?>
<LightningComponentBundle xmlns="http://soap.sforce.com/2006/04/metadata">
    <apiVersion>55.0</apiVersion>
    <isExposed>true</isExposed>
     <targets>
      <target>lightning__AppPage</target>
      <target>lightningStatic__Email</target>
      <target>lightning__HomePage</target>
    </targets>
    <targetConfigs>
      <targetConfig targets = "lightningStatic__Email">
      <property
        name = "headline"
        type = "String"
        label = "headline"
        description = "headine"
        default = "Titre avant paragraphe" >
      </property>
      <property
        name = "titleOne"
        type = "String"
        label = "titleOne"
        description = "titleOne"
        default = "Titre de paragraphe lorem ipsum" >
      </property>
      <property
        name = "desc"
        type = "String"
        label = "desc"
        description = "desc"
        default = "Facilisis at vero eros et accumsan et iusto odio dignissim qui blandit praesent luptatum zzril delenit augue duis dolore te feugait nulla facilisi à" >
      </property>
      <property
        name = "linkOne"
        type = "String"
        label = "linkOne"
        description = "linkOne"
        default = "https://fr.worldline.com/fr/home.html" >
      </property>
      <property
        name = "emailOne"
        type = "String"
        label = "emailOne"
        description = "emailOne"
        default = "adressemail@email.com." >
      </property>
      <property
        name = "titleTwo"
        type = "String"
        label = "titleTwo"
        description = "titleTwo"
        default = "Le remplacement gratuit de votre terminal de paiement YOXIMO par un autre terminal de paiement YOXIMO. Facilisis at vero eros et accumsan et iusto odio." >
      </property>
    <property
        name = "titleThree"
        type = "String"
        label = "titleThree"
        description = "titleThree"
        default = "Le remplacement gratuit de votre terminal de paiement YOXIMO par un autre terminal de paiement YOXIMO. Facilisis at vero eros et accumsan et iusto odio." >
      </property>
      <property
        name = "linkTwo"
        type = "String"
        label = "linkTwo"
        description = "linkTwo"
        default = "https://fr.worldline.com/fr/home.html" >
      </property>
       <property
        name = "linkText"
        type = "String"
        label = "button"
        description = "linkText"
        default = "En savoir plus">
      </property>
     </targetConfig>
     </targetConfigs> 
</LightningComponentBundle>