<?xml version="1.0" encoding="UTF-8"?>
<LightningComponentBundle xmlns="http://soap.sforce.com/2006/04/metadata">
    <apiVersion>55.0</apiVersion>
  <isExposed>true</isExposed>
    <targets>
        <target>lightningStatic__Email</target>
        <target>lightning__RecordPage</target>
        <target>lightning__AppPage</target>
        <target>lightning__HomePage</target>
    </targets>
    <targetConfigs>
        <targetConfig targets="lightningStatic__Email">
          <property 
            label="Title"
            name="title1"
            type="String"
            default="Title of Entry"
            required="false" />
            <property 
            label="Title"
            name="subtitle"
            type="String"
            default="Title of Entry"
            required="false" />
            <property 
            label="Title"
            name="title3"
            type="String"
            default="Title of Entry"
            required="false" />
          <property 
            label="Image URL" 
            name="imageUrl"
            type="String"
            placeholder="https://"
            description="Enter Image URL for this image. Be sure that it is a secure URL starting with https://"
            default="https://via.placeholder.com/575x150"
            required="false" />
          <property 
            label="Description"
            name="description"
            type="String"
            default="Description of Entry"
            required="false" />
            <property 
            label="Description"
            name="description2"
            type="String"
            default="Description of Entry"
            required="false" />
            <property 
            label="Button"
            name="buttonName"
            type="String"
            default="Button Name"
            required="false" />
            <property 
            label="Button URL" 
            name="buttonUrl"
            type="String"
            placeholder="https://"
            description="Enter Image URL for this image. Be sure that it is a secure URL starting with https://"
            default="https://via.placeholder.com/575x150"
            required="false" />
            <property 
            label="Email"
            name="email"
            type="String"
            default="email here"
            required="false" />
        </targetConfig>
      </targetConfigs>
</LightningComponentBundle>