<?xml version="1.0" encoding="UTF-8"?>
<LightningComponentBundle xmlns="http://soap.sforce.com/2006/04/metadata">
    <apiVersion>55.0</apiVersion>
    <isExposed>true</isExposed>
    <targets>
      <target>lightning__AppPage</target>
      <target>lightningStatic__Email</target>
      <target>lightning__HomePage</target>
    </targets>
    <targetConfigs>
      <targetConfig targets = "lightningStatic__Email">
      <property
        name = "headline"
        type = "String"
        label = "headline"
        description = "headine"
        default = "Headline" >
      </property>
      <property
        name = "heading"
        type = "String"
        label = "heading"
        description = "Digital Transformation"
        default = "Digital Transformation" >
      </property>
      <property
        name = "label"
        type = "String"
        label = "label"
        description = "label description"
        default = "Lorem ipsum dolor sit amet, consectetur
                                 adipisicing elit." >
      </property>
      <property
        name = "firstImage"
        type = "String"
        label = "first image"
        description = "first image"
        default = "https://iili.io/LJoVzG.png" >
      </property>
      <property
        name = "secondImage"
        type = "String"
        label = "Second image"
        description = "second image"
        default = "https://iili.io/LJoVzG.png" >
      </property>
      <property
        name = "secondHeadline"
        type = "String"
        label = "second headline"
        description = "second headine"
        default = "Headline" >
      </property>
      <property
        name = "secondTitle"
        type = "String"
        label = "second title"
        description = "second title"
        default = "Lorem ipsum dolor sit amet, consectetur adipisicing elit." >
      </property>
       <property
        name = "title"
        type = "String"
        label = " title"
        description = "title"
        default = "Lorem ipsum dolor sit amet, consectetur adipisicing elit." >
      </property>
      </targetConfig>
    </targetConfigs>
    </LightningComponentBundle>