<?xml version="1.0" encoding="UTF-8"?>
<LightningComponentBundle xmlns="http://soap.sforce.com/2006/04/metadata">
    <apiVersion>55.0</apiVersion>
     <isExposed>true</isExposed>
    <targets>
        <target>lightningStatic__Email</target>
        <target>lightning__Tab</target>
    </targets>
    <targetConfigs>
    <targetConfig targets="lightningStatic__Email">

    <property 
        label="Title1"
        name="firstTitle"
        type="String"
        default="Description of Entry"
        required="false" />
        <property 
        label="Title2"
        name="secondTitle"
        type="String"
        default="Description of Entry"
        required="false" />
        <property 
        label="Title3"
        name="thirdTitle"
        type="String"
        default="Description of Entry"
        required="false" />

        <property 
        label="Description1"
        name="firstPara"
        type="String"
        default="Description of Entry"
        required="false" />
         <property 
        label="Description2"
        name="secondPara"
        type="String"
        default="Description of Entry"
        required="false" />
         <property 
        label="Description3"
        name="thirdPara"
        type="String"
        default="Description of Entry"
        required="false" />
           <property 
        label="Button"
        name="button"
        type="String"
        default="Description of Entry"
        required="false" />
      <property 
        label="Button Link" 
        name="buttonLink"
        type="String"
        placeholder="https://"
        description="Enter Image URL for this image. Be sure that it is a secure URL starting with https://"
        default="https://via.placeholder.com/575x150"
        required="false" />
         <property 
        label="Image URL" 
        name="imageUrl"
        type="String"
        placeholder="https://"
        description="Enter Image URL for this image. Be sure that it is a secure URL starting with https://"
        default="https://via.placeholder.com/575x150"
        required="false" />

           <property 
        label="Email"
        name="email"
        type="String"
        default="Description of Entry"
        required="false" />
        </targetConfig>
    </targetConfigs>
</LightningComponentBundle>