<?xml version="1.0" encoding="UTF-8"?>
<LightningComponentBundle xmlns="http://soap.sforce.com/2006/04/metadata">
    <apiVersion>55.0</apiVersion>
    <isExposed>true</isExposed>
    <targets>
        <target>lightning__Tab</target>
        <target>lightningStatic__Email</target>
    </targets>
    <targetConfigs>
      <targetConfig targets="lightningStatic__Email">        
        
          <property 
            label="Title"
            name="titleToThis"
            type="String"
            default="Leveraging the power of data"
            required="false" />
            <property 
            label="Description"
            name="description"
            type="String"
            default="The Worldline Analytics Platform is based on a modern, 
            cutting-edge software and hardware basis, which enables the implementation of the data analysis and processing needs of our customers, with full support from our team of business and technical experts.
            "
            required="false" />
            <property 
            label="Button"
            name="button"
            type="String"
            default="CALL TO ACTION"
            required="false" />
            <property 
            label="href of Button"
            name="hrefButtonName1"
            type="String"
            default="https://fr.worldline.com/fr/home.html"
            required="false" />
      </targetConfig>
    </targetConfigs>
</LightningComponentBundle>