<?xml version="1.0" encoding="UTF-8"?>
<LightningComponentBundle xmlns="http://soap.sforce.com/2006/04/metadata">
    <apiVersion>55.0</apiVersion>
    <isExposed>true</isExposed>
    <targets>
        <target>lightning__Tab</target>
        <target>lightningStatic__Email</target>
    </targets>
    <targetConfigs>
      <targetConfig targets="lightningStatic__Email">
        
        <property 
          label="Image URL" 
          name="imageUrlToThis"
          type="String"
          placeholder="https://"
          description="Enter Image URL for this image. Be sure that it is a secure URL starting with https://"
          default="https://via.placeholder.com/575x150"
          required="false" />
          <property 
            label="Title"
            name="titleToThis"
            type="String"
            default="Lorem ipsum dolor sit amet"
            required="false" />
            <property 
            label="Description"
            name="description"
            type="String"
            default="Lorem ipsum dolor sit amet,
            consectetur adipiscing elit.
            Est netus augue et tempus
            quis duis auctor. Odio
            pulvinar in viverra gravida
            netus. Volutpat in.	"
            required="false" />
      </targetConfig>
    </targetConfigs>
</LightningComponentBundle>