<?xml version="1.0" encoding="UTF-8"?>
<LightningComponentBundle xmlns="http://soap.sforce.com/2006/04/metadata">
    <apiVersion>55.0</apiVersion>
    <isExposed>true</isExposed>
    <targets>
        <target>lightning__Tab</target>
        <target>lightningStatic__Email</target>
    </targets>
    <targetConfigs>
      <targetConfig targets="lightningStatic__Email">     
        
        <property 
            label="Description"
            name="description"
            type="String"
            default="Maecenas eget tincidunt libero. Nulla nec lacinia felis. Ut suscipit ultrices mi sit amet pellentesque. Ut varius, metus id pellentesque cursus, ante augue scelerisque arcu, in commodo ante felis eu dui. Aliquam id dui lectus. Donec at justo mattis, hendrerit orci eu, ullamcorper ante. Cras ornare rutrum lobortis."
            required="false" />
            <property 
            label="Button"
            name="button"
            type="String"
            default="CALL TO ACTION"
            required="false" />
            <property 
            label="href of Button"
            name="hrefButtonName1"
            type="String"
            default="https://fr.worldline.com/fr/home.html"
            required="false" />
      </targetConfig>
    </targetConfigs>

</LightningComponentBundle>