<?xml version="1.0" encoding="UTF-8"?>
<LightningComponentBundle xmlns="http://soap.sforce.com/2006/04/metadata">
    <apiVersion>55.0</apiVersion>
    <isExposed>true</isExposed>
    <targets>
        <target>lightningStatic__Email</target>
    </targets>
    <targetConfigs>
    <targetConfig targets="lightningStatic__Email">
        <property 
            label="Title"
            name="title"
            type="String"
            description="Enter the title"
            default="Titre"
            required="false" />
        <property 
            label="Header"
            name="header"
            type="String"
            description="Enter the Header"
            default="Une solution de paiement"
            required="false" />
        <property 
            label="Body"
            name="contentBody"
            type="String"
            description="Enter the Body"
            default="Notre partenaire Yoordi – scan order pay ouvre une nouvelle ère dans le secteur de la restauration avec sa solution de commande et de paiement sans espèces. "
            required="false" />
        <property 
            label="Image URL"
            name="imageURL"
            type="String"
            description="Enter the Image Link/URL."
            default="https://via.placeholder.com/260x170"
            required="false" />
        <property 
            label="Button Link"
            name="buttonLink"
            type="String"
            description="Enter the button target URL."
            default="https://fr.worldline.com/fr/home.html"
            required="false" />
        <property 
            label="Button Label"
            name="buttonLabel"
            type="String"
            description="Enter the button label."
            default="En savoir plus"
            required="false" />
    </targetConfig>
  </targetConfigs>
</LightningComponentBundle>