<?xml version="1.0" encoding="UTF-8"?>
<LightningComponentBundle xmlns="http://soap.sforce.com/2006/04/metadata">
    <apiVersion>55.0</apiVersion>
    <isExposed>true</isExposed>
    <targets>
        <target>lightningStatic__Email</target>
    </targets>
     <targetConfigs>
    <targetConfig targets="lightningStatic__Email">
     <property 
        label="Title1"
        name="Title1"
        type="String"
        default="Title of Entry"
        required="false" />
        <property 
        label="Title2"
        name="Title2"
        type="String"
        default="Title of Entry"
        required="false" />
       
       <property 
        label="Button"
        name="Button"
        type="String"
        default="Button Name"
        required="false" />
         </targetConfig>
  </targetConfigs>
    

</LightningComponentBundle>