<?xml version="1.0" encoding="UTF-8"?>
<LightningComponentBundle xmlns="http://soap.sforce.com/2006/04/metadata">
    <apiVersion>55.0</apiVersion>
    <isExposed>true</isExposed>
    <targets>
    <target>lightningStatic__Email</target>
    </targets>

<targetConfigs>
    <targetConfig targets="lightningStatic__Email">
    <property 
        label="Title"
        name="descriptionFirst"
        type="String"
        default="Description of Entry"
        required="false" />
         <property 
        label="Subtitle"
        name="descriptionSecond"
        type="String"
        default="Description of Entry"
        required="false" />
           <property 
        label="Subtitle"
        name="descriptionThird"
        type="String"
        default="Description of Entry"
        required="false" />
         <property 
        label="Subtitle"
        name="descriptionFourth"
        type="String"
        default="Description of Entry"
        required="false" />
         <property 
        label="Description"
        name="descriptionFifth"
        type="String"
        default="Description of Entry"
        required="false" />
        <property 
        label="Button"
        name="descriptionSixth"
        type="String"
        default="Description of Entry"
        required="false" />
         <property 
        label="Description"
        name="descriptionSeventh"
        type="String"
        default="Description of Entry"
        required="false" />
         <property 
        label="Description"
        name="descriptionEighth"
        type="String"
        default="Description of Entry"
        required="false" />
          <property 
        label="Email"
        name="email"
        type="String"
        default="Description of Entry"
        required="false" />

        </targetConfig>
        </targetConfigs>
</LightningComponentBundle>