<?xml version="1.0" encoding="UTF-8"?>
<LightningComponentBundle xmlns="http://soap.sforce.com/2006/04/metadata">
    <apiVersion>55.0</apiVersion>
    <isExposed>true</isExposed>
    <targets>
        <target>lightning__Tab</target>
        <target>lightningStatic__Email</target>
    </targets>
    <targetConfigs>
      <targetConfig targets="lightningStatic__Email">     
        
        <property 
            label="Description"
            name="description"
            type="String"
            default="Choose the European payment champion to accelerate your business !"
            required="false" />
        <property 
            label="Title"
            name="title"
            type="String"
            default="Futuring payments"
            required="false" />
      </targetConfig>
    </targetConfigs>
</LightningComponentBundle>