<?xml version="1.0" encoding="UTF-8"?>
<LightningComponentBundle xmlns="http://soap.sforce.com/2006/04/metadata">
    <apiVersion>55.0</apiVersion>
    <isExposed>true</isExposed>
    <targets>
    <target>lightningStatic__Email</target>
    </targets>
     <targetConfigs>
    <targetConfig targets="lightningStatic__Email">
        <property 
        label="Image URL"
        name="imageUrl"
        type="String"
        placeholder="https://"
        description="Enter Image URL for this image. Be sure that it is a secure URL starting with https://"
        default="https://via.placeholder.com/575x150"
        required="false" />
        <property 
        label="Title"
        name="firstPara"
        type="String"
        default="Description of Entry"
        required="false" />
         <property 
        label="Sub Title1"
        name="secondPara"
        type="String"
        default="Description of Entry"
        required="false" />
         <property 
        label="Sub Title2"
        name="thirdPara"
        type="String"
        default="Description of Entry"
        required="false" />
         <property 
        label="Button"
        name="fourthPara"
        type="String"
        default="Description of Entry"
        required="false" />
         <property 
        label="Button Link"
        name="buttonUrl"
        type="String"
        placeholder="https://"
        description="Enter Image URL for this image. Be sure that it is a secure URL starting with https://"
        default="https://via.placeholder.com/575x150"
        required="false" />
        </targetConfig>
        </targetConfigs>
</LightningComponentBundle>