<?xml version="1.0" encoding="UTF-8"?>
<LightningComponentBundle xmlns="http://soap.sforce.com/2006/04/metadata">
    <apiVersion>55.0</apiVersion>
 <isExposed>true</isExposed>
<targets>
<target>lightningStatic__Email</target>
</targets>
<targetConfigs>
<targetConfig targets="lightningStatic__Email">
<property 
    label="Title1"
    name="firstPara"
    type="String"
    default="Description of Entry"
    required="false" />
        <property 
    label="Title2"
    name="secondPara"
    type="String"
    default="Description of Entry"
    required="false" />
        <property 
    label="Title3"
    name="thirdPara"
    type="String"
    default="Description of Entry"
    required="false" />
        <property 
    label="Title4"
    name="fourthPara"
    type="String"
    default="Description of Entry"
    required="false" />
        <property 
    label="Title5"
    name="fifthPara"
    type="String"
    default="Description of Entry"
    required="false" />
        <property 
    label="Title6"
    name="sixthPara"
    type="String"
    default="Description of Entry"
    required="false" />
        <property 
    label="Title7"
    name="seventhPara"
    type="String"
    default="Description of Entry"
    required="false" />
        <property 
    label="Description1"
    name="eighthPara"
    type="String"
    default="Description of Entry"
    required="false" />
        <property 
    label="Description2"
    name="ninethPara"
    type="String"
    default="Description of Entry"
    required="false" />
        <property 
    label="Description3"
    name="tenthPara"
    type="String"
    default="Description of Entry"
    required="false" />
        <property 
    label="Description4"
    name="eleventhPara"
    type="String"
    default="Description of Entry"
    required="false" />
        <property 
    label="Button1"
    name="twelthPara"
    type="String"
    default="Description of Entry"
    required="false" />
    <property 
        label="ButtonLink1" 
        name="buttonLink1"
        type="String"
        placeholder="https://"
        description="Enter Image URL for this image. Be sure that it is a secure URL starting with https://"
        default="https://via.placeholder.com/575x150"
        required="false" />
        <property 
    label="Button2"
    name="thirteenthPara"
    type="String"
    default="Description of Entry"
    required="false" />
     <property 
        label="ButtonLink2" 
        name="buttonLink2"
        type="String"
        placeholder="https://"
        description="Enter Image URL for this image. Be sure that it is a secure URL starting with https://"
        default="https://via.placeholder.com/575x150"
        required="false" />
</targetConfig>
</targetConfigs>
</LightningComponentBundle>